{
  "?sameTipsCDTime": "同一条tips的提示CD 秒",
  "sameTipsCDTime": 1,
  "?tipsFresh": "tips的刷新单位，多少帧，刷新一次，20是一秒",
  "tipsFresh": 1,
  "?oneNormalTime": "到达最高点停留时间，总刷新单位",
  "oneNormalTime": 20,
  "?oneHideTime": "1条消息逐渐透明的时间，总刷新单位",
  "oneHideTime": 5,
  "?oneShowTime": "1条消息逐渐显示的时间，总刷新单位",
  "oneShowTime": 1,
  "?initPosY": "提示起始位置posY",
  "initPosY": 345,
  "?minPosY": "提示最高位置posY,指距离顶部top的距离",
  "minPosY": 100,
  "?minDistance": "两条消息之间的最小距离",
  "minDistance": 44,
  "?oneTimeDistance": "一次刷新单位，移动的距离",
  "oneTimeDistance": 16,
  "?tipsLevel": "tips的层级",
  "tipsLevel": 5,
  "?maxCount": "数量超过这个 第二条就会马上顶掉第一条",
  "maxCount": 10,
  "?fontSize": "提示默认文本大小",
  "fontSize": 16,
  "?textColours": "提示默认文本颜色",
  "textColours": "FFFFFFFF",
  "?borderColor": "提示默认描边颜色",
  "borderColor": "FF000000",
  "?borderWidth": "提示默认描边宽度",
  "borderWidth": 0,
  "?imageWidth": "提示默认图片宽度",
  "imageWidth": 40,
  "?imageHeight": "提示默认图片高度",
  "imageHeight": 40,
  "?itemHeight": "提示Item 底图 高度",
  "itemHeight": 24
}